{"0": {"sniffle": 0.11842105263157894, "honey": 0.40789473684210525, "oat": 0.19736842105263158, "llama": 0.065789473684210523, "cough": 0.065789473684210523, "bunch": 0.092105263157894732}, "1": {"alpaca": 0.064102564102564097, "sniffle": 0.14102564102564102, "honey": 0.21794871794871795, "oat": 0.16666666666666666, "bunch": 0.16666666666666666, "cough": 0.16666666666666666, "badger": 0.064102564102564097}, "2": {"alpaca": 0.084905660377358486, "sniffle": 0.12264150943396226, "honey": 0.21698113207547171, "oat": 0.19811320754716982, "llama": 0.084905660377358486, "bunch": 0.10377358490566038, "cough": 0.10377358490566038, "badger": 0.084905660377358486}, "3": {"cough": 0.081395348837209308, "alpaca": 0.15116279069767441, "sniffle": 0.081395348837209308, "honey": 0.19767441860465115, "oat": 0.10465116279069768, "llama": 0.1744186046511628, "bunch": 0.081395348837209308, "badger": 0.12790697674418605}, "4": {"cough": 0.055555555555555552, "alpaca": 0.077777777777777779, "sniffle": 0.14444444444444443, "honey": 0.27777777777777779, "oat": 0.23333333333333334, "llama": 0.10000000000000001, "bunch": 0.055555555555555552, "badger": 0.055555555555555552}, "5": {"alpaca": 0.14130434782608695, "sniffle": 0.076086956521739135, "honey": 0.29347826086956524, "oat": 0.16304347826086957, "llama": 0.11956521739130435, "cough": 0.097826086956521743, "badger": 0.076086956521739135}, "6": {"alpaca": 0.079545454545454544, "sniffle": 0.056818181818181816, "honey": 0.39772727272727271, "oat": 0.079545454545454544, "llama": 0.125, "cough": 0.125, "badger": 0.10227272727272728}, "7": {"alpaca": 0.072916666666666671, "sniffle": 0.09375, "honey": 0.28125, "oat": 0.13541666666666666, "llama": 0.072916666666666671, "badger": 0.13541666666666666, "cough": 0.11458333333333333, "bunch": 0.09375}, "8": {"honey": 0.41428571428571431, "badger": 0.10000000000000001, "oat": 0.15714285714285714, "sniffle": 0.12857142857142856, "bunch": 0.12857142857142856}, "9": {"alpaca": 0.092105263157894732, "honey": 0.38157894736842107, "oat": 0.22368421052631579, "llama": 0.092105263157894732, "badger": 0.092105263157894732, "bunch": 0.065789473684210523}, "10": {"alpaca": 0.097826086956521743, "sniffle": 0.05434782608695652, "honey": 0.25, "oat": 0.20652173913043478, "llama": 0.05434782608695652, "bunch": 0.16304347826086957, "badger": 0.14130434782608695}, "11": {"alpaca": 0.051020408163265307, "sniffle": 0.091836734693877556, "honey": 0.29591836734693877, "oat": 0.17346938775510204, "llama": 0.1326530612244898, "bunch": 0.051020408163265307, "cough": 0.1326530612244898, "badger": 0.071428571428571425}, "12": {"honey": 0.31944444444444442, "cough": 0.125, "oat": 0.2361111111111111, "sniffle": 0.125, "badger": 0.097222222222222224}, "13": {"honey": 0.36249999999999999, "oat": 0.13750000000000001, "llama": 0.13750000000000001, "badger": 0.1125, "cough": 0.087499999999999994, "bunch": 0.1125}, "14": {"alpaca": 0.12222222222222222, "sniffle": 0.10000000000000001, "honey": 0.32222222222222224, "oat": 0.12222222222222222, "llama": 0.12222222222222222, "badger": 0.055555555555555552, "cough": 0.077777777777777779, "bunch": 0.077777777777777779}, "15": {"cough": 0.06097560975609756, "alpaca": 0.2073170731707317, "sniffle": 0.085365853658536592, "honey": 0.25609756097560976, "oat": 0.10975609756097561, "llama": 0.085365853658536592, "bunch": 0.06097560975609756, "badger": 0.13414634146341464}, "16": {"alpaca": 0.071428571428571425, "sniffle": 0.051020408163265307, "honey": 0.35714285714285715, "oat": 0.19387755102040816, "llama": 0.071428571428571425, "badger": 0.051020408163265307, "cough": 0.091836734693877556, "bunch": 0.11224489795918367}, "17": {"alpaca": 0.11956521739130435, "sniffle": 0.076086956521739135, "honey": 0.40217391304347827, "oat": 0.11956521739130435, "llama": 0.05434782608695652, "bunch": 0.05434782608695652, "cough": 0.097826086956521743, "badger": 0.076086956521739135}, "18": {"alpaca": 0.10714285714285714, "sniffle": 0.059523809523809521, "honey": 0.29761904761904762, "oat": 0.17857142857142858, "llama": 0.083333333333333329, "bunch": 0.10714285714285714, "cough": 0.083333333333333329, "badger": 0.083333333333333329}, "19": {"alpaca": 0.067567567567567571, "sniffle": 0.12162162162162163, "honey": 0.39189189189189189, "oat": 0.12162162162162163, "bunch": 0.12162162162162163, "cough": 0.067567567567567571, "badger": 0.067567567567567571}}